{"cameraMode":{"drawMode":0,"name":"Shaded","section":"Shading Mode"},"sceneLighting":true,"audioPlay":false,"sceneViewState":{"showFog":true,"showMaterialUpdate":false,"showSkybox":true,"showFlares":true,"showImageEffects":true,"showParticleSystems":true,"showVisualEffectGraphs":true},"in2DMode":false,"pivot":{"x":-2.4800000190734865,"y":3.140000104904175,"z":88.9000015258789},"rotation":{"x":0.022188609465956689,"y":0.0035958713851869108,"z":0.00007981031376402825,"w":-0.9997476935386658},"size":10.212112426757813,"orthographic":false}